Strike,Maturity,Price,ModelPrice,PricingError
70.0,0.08333333333333333,30.29564837032983,30.29546111969879,-0.00018725063103985917
71.01694915254237,0.08333333333333333,29.2839088734685,29.28481894406168,0.0009100705931786024
72.03389830508475,0.08333333333333333,28.27485030315161,28.274896681220472,4.637806886265139e-05
73.0508474576271,0.08333333333333333,27.265992503741465,27.265814995531006,-0.00017750821045936505
74.0677966101695,0.08333333333333333,26.25862871498995,26.258578089815163,-5.0625174786489424e-05
75.08474576271186,0.08333333333333333,25.25153198169994,25.25208455637188,0.0005525746719392544
76.10169491525424,0.08333333333333333,24.24906925489033,24.249439108718843,0.000369853828512845
77.11864406779662,0.08333333333333333,23.24677591574871,23.247677499544945,0.0009015837962351725
78.13559322033899,0.08333333333333333,22.2583713891844,22.25192455004098,-0.006446839143421812
79.15254237288134,0.08333333333333333,21.25534700858479,21.258192765750408,0.0028457571656197445
80.16949152542371,0.08333333333333333,20.27032970022117,20.27244189376784,0.0021121935466723585
81.18644067796609,0.08333333333333333,19.2903752262925,19.290728514290684,0.00035328799818401535
82.20338983050848,0.08333333333333333,18.322919004204095,18.319759300551357,-0.0031597036527379885
83.22033898305085,0.08333333333333333,17.34868044681193,17.35505482938219,0.006374382570260906
84.23728813559322,0.08333333333333333,16.40282012008407,16.405230236703108,0.0024101166190391154
85.2542372881356,0.08333333333333333,15.46945676040983,15.463305613695907,-0.006151146713923694
86.27118644067795,0.08333333333333333,14.53861978064188,14.542707749078609,0.0040879684367283176
87.28813559322033,0.08333333333333333,13.62375362790742,13.629668271059142,0.005914643151722743
88.3050847457627,0.08333333333333333,12.73252167114067,12.748035579946386,0.01551390880571546
89.3220338983051,0.08333333333333333,11.8569748041642,11.869706791790124,0.012731987625924646
90.33898305084746,0.08333333333333333,11.0215553656883,11.03808368551909,0.016528319830790394
91.35593220338983,0.08333333333333333,10.217220722644972,10.20646057924806,-0.010760143396913335
92.3728813559322,0.08333333333333333,9.41131406223036,9.429426534266318,0.01811247203595734
93.38983050847456,0.08333333333333333,8.633213290741338,8.659466490886874,0.026253200145536226
94.40677966101696,0.08333333333333333,7.9222492168126015,7.936906306242168,0.014657089429566561
95.42372881355932,0.08333333333333333,7.242865333074454,7.239834659264659,-0.003030673809795381
96.4406779661017,0.08333333333333333,6.568086681368129,6.5724137567915335,0.004327075423404381
97.45762711864408,0.08333333333333333,5.937515307356313,5.957750675887263,0.020235368530950204
98.47457627118644,0.08333333333333333,5.397208073056973,5.344188554715623,-0.053019518341350214
99.4915254237288,0.08333333333333333,4.807298780055234,4.818433820926952,0.011135040871717905
100.5084745762712,0.08333333333333333,4.276086028377037,4.292679087138268,0.01659305876123085
101.52542372881348,0.08333333333333333,3.814804263476283,3.8223148804097935,0.007510616933510406
102.5423728813559,0.08333333333333333,3.395070038876113,3.3878676378378465,-0.007202401038266526
103.5593220338983,0.08333333333333333,2.954484832679448,2.965984881205776,0.011500048526328133
104.57627118644072,0.08333333333333333,2.582841053930963,2.620574850225314,0.03773379629435114
105.5932203389831,0.08333333333333333,2.258258169193873,2.2751648192448664,0.016906650050993566
106.6101694915254,0.08333333333333333,1.96243062286338,1.9802708243383558,0.01784020147497567
107.6271186440678,0.08333333333333333,1.698531680851705,1.7170901405631975,0.018558459711492503
108.6440677966102,0.08333333333333333,1.460148672880571,1.455685940021582,-0.004462732858989016
109.6610169491525,0.08333333333333333,1.260235049666921,1.2642445480542988,0.004009498387377741
110.67796610169492,0.08333333333333333,1.0503701670967087,1.0728031560869915,0.022432988990282787
111.6949152542373,0.08333333333333333,0.8911225177908902,0.9032323673337876,0.0121098495428974
112.7118644067797,0.08333333333333333,0.7650050452162648,0.770765049242983,0.0057600040267181685
113.728813559322,0.08333333333333333,0.6439394556614743,0.6382977311521895,-0.005641724509284796
114.7457627118644,0.08333333333333333,0.5306174481911636,0.5354959417860463,0.004878493594882682
115.7627118644068,0.08333333333333333,0.431617495488238,0.4485980349350389,0.01698053944680089
116.77966101694912,0.08333333333333333,0.3676799945950425,0.3617001280840376,-0.005979866511004905
117.7966101694915,0.08333333333333333,0.2898619152027937,0.3033177384470751,0.013455823244281406
118.8135593220339,0.08333333333333333,0.2365575661776651,0.24944069246192263,0.012883126284257529
119.83050847457632,0.08333333333333333,0.2059442371957845,0.19571735175435592,-0.01022688544142858
120.8474576271187,0.08333333333333333,0.1534865146116058,0.1642319908399837,0.010745476228377876
121.864406779661,0.08333333333333333,0.1259424460606667,0.13274662992561406,0.006804183864947355
122.8813559322034,0.08333333333333333,0.1030380479608644,0.10238435907710199,-0.00065368888376241
123.8983050847458,0.08333333333333333,0.078764132998852,0.08508180786023653,0.0063176748613845285
124.9152542372881,0.08333333333333333,0.06510148773524271,0.06777925664337278,0.002677768908130068
125.93220338983052,0.08333333333333333,0.04943374210318185,0.05113659957419133,0.0017028574710094835
126.9491525423729,0.08333333333333333,0.04478739479555838,0.04221217275036101,-0.0025752220451973687
127.9661016949153,0.08333333333333333,0.03207539472820242,0.033287745926530554,0.001212351198328132
128.9830508474576,0.08333333333333333,0.02411185863436716,0.024380785684027698,0.00026892704966053824
130.0,0.08333333333333333,0.01929441860666348,0.02006669160245857,0.0007722729957950897
70.0,0.1666666666666667,30.65170095657903,30.65553239450577,0.003831437926738346
71.01694915254237,0.1666666666666667,29.665376194196607,29.665703282515384,0.00032708831877670264
72.03389830508475,0.1666666666666667,28.681691658674175,28.679049059611053,-0.002642599063122475
73.0508474576271,0.1666666666666667,27.6869635923314,27.696101867947394,0.009138275615995894
74.0677966101695,0.1666666666666667,26.722737607813848,26.719596399458876,-0.0031412083549717806
75.08474576271186,0.1666666666666667,25.741278277936,25.745686686813418,0.004408408877417003
76.10169491525424,0.1666666666666667,24.78151164667344,24.78255559205593,0.001043945382491529
77.11864406779662,0.1666666666666667,23.80584609823214,23.82161091884723,0.015764820615089548
78.13559322033899,0.1666666666666667,22.872306488728167,22.874352429300448,0.002045940572280358
79.15254237288134,0.1666666666666667,21.91745428471127,21.930891545336262,0.013437260624993286
80.16949152542371,0.1666666666666667,20.98938925183477,21.002426148596143,0.013036896761374095
81.18644067796609,0.1666666666666667,20.0765554575629,20.080313328114695,0.00375787055179444
82.20338983050848,0.1666666666666667,19.176111792610808,19.175105339554023,-0.0010064530567852614
83.22033898305085,0.1666666666666667,18.2944648866572,18.278282830279714,-0.0161820563774846
84.23728813559322,0.1666666666666667,17.39255012894822,17.40137732660699,0.008827197658771269
85.2542372881356,0.1666666666666667,16.51949880333504,16.53361806878698,0.014119265451938645
86.27118644067795,0.1666666666666667,15.645671773560553,15.690550016576216,0.044878243015663344
87.28813559322033,0.1666666666666667,14.85288247026452,14.855184193131477,0.0023017228669566236
88.3050847457627,0.1666666666666667,14.0377006813348,14.051822852975613,0.014122171640813974
89.3220338983051,0.1666666666666667,13.24853705438566,13.251479750943352,0.0029426965576924147
90.33898305084746,0.1666666666666667,12.4944420848842,12.493804024893702,-0.0006380599904982631
91.35593220338983,0.1666666666666667,11.74612244736562,11.736128298844053,-0.009994148521567325
92.3728813559322,0.1666666666666667,11.03593465490799,11.024030313005332,-0.011904341902658544
93.38983050847456,0.1666666666666667,10.3185424463865,10.317838583835371,-0.0007038625511288643
94.40677966101696,0.1666666666666667,9.651922883707158,9.648558258355651,-0.0033646253515069446
95.42372881355932,0.1666666666666667,9.010300766860944,8.999126466783451,-0.011174300077492205
96.4406779661017,0.1666666666666667,8.38159264645774,8.371694704374123,-0.00989794208361694
97.45762711864408,0.1666666666666667,7.747116556669305,7.783407780736477,0.036291224067171335
98.47457627118644,0.1666666666666667,7.186875752419404,7.1959168334954,0.009041081075996438
99.4915254237288,0.1666666666666667,6.711561621059843,6.671909232401788,-0.039652388658055315
100.5084745762712,0.1666666666666667,6.1790944211482,6.14790163130816,-0.03119278984004037
101.52542372881348,0.1666666666666667,5.734635501243318,5.663844785819684,-0.0707907154236338
102.5423728813559,0.1666666666666667,5.177422743724192,5.2056932698749225,0.028270526150730113
103.5593220338983,0.1666666666666667,4.77921493837313,4.756808052725251,-0.022406885647878738
104.57627118644072,0.1666666666666667,4.360237057206675,4.3643214124018295,0.004084355195154821
105.5932203389831,0.1666666666666667,3.9953496661605064,3.9718347720784237,-0.023514894082082627
106.6101694915254,0.1666666666666667,3.6091111194980807,3.618438434411104,0.009327314913023077
107.6271186440678,0.1666666666666667,3.284958968433202,3.289582480881123,0.00462351244792103
108.6440677966102,0.1666666666666667,2.9821018261559646,2.962208279996458,-0.01989354615950667
109.6610169491525,0.1666666666666667,2.658365546222132,2.6931895843713978,0.034824038149265935
110.67796610169492,0.1666666666666667,2.425050647142221,2.4241708887463034,-0.0008797583959174737
111.6949152542373,0.1666666666666667,2.179746121047188,2.175374199869119,-0.004371921178068838
112.7118644067797,0.1666666666666667,1.988876545939299,1.960884138329122,-0.02799240761017696
113.728813559322,0.1666666666666667,1.70459983881965,1.7463940767891433,0.04179423796949333
114.7457627118644,0.1666666666666667,1.555437345618213,1.5632075041585918,0.00777015854037888
115.7627118644068,0.1666666666666667,1.388286659035998,1.3968029351306193,0.008516276094621356
116.77966101694912,0.1666666666666667,1.249703464448238,1.2303983661026585,-0.019305098345579585
117.7966101694915,0.1666666666666667,1.1032853612900433,1.0993810840298814,-0.003904277260161848
118.8135593220339,0.1666666666666667,0.9642431519075652,0.9739548591854061,0.009711707277840986
119.83050847457632,0.1666666666666667,0.8618903315943313,0.8487600019460654,-0.013130329648265882
120.8474576271187,0.1666666666666667,0.757338973391219,0.7570392596403368,-0.0002997137508822245
121.864406779661,0.1666666666666667,0.6706865166368488,0.6653185173346159,-0.005367999302232862
122.8813559322034,0.1666666666666667,0.5722775862693065,0.5757142630990472,0.0034366768297406924
123.8983050847458,0.1666666666666667,0.5062205581725542,0.5107213393704878,0.004500781197933623
124.9152542372881,0.1666666666666667,0.4453250749814153,0.4457284156419349,0.00040334066051955775
125.93220338983052,0.1666666666666667,0.3745554530874822,0.382343370163266,0.007787917075783801
126.9491525423729,0.1666666666666667,0.3287861678725584,0.3377643325613258,0.008978164688767443
127.9661016949153,0.1666666666666667,0.2978546914843195,0.29318529495938506,-0.004669396524934422
128.9830508474576,0.1666666666666667,0.2446985882066679,0.2486631073304945,0.0039645191238265876
130.0,0.1666666666666667,0.220604557269163,0.21908971320444148,-0.0015148440647215211
70.0,0.25,31.09412863716148,31.091850248604324,-0.002278388557154898
71.01694915254237,0.25,30.12134894450344,30.128105808124,0.006756863620562825
72.03389830508475,0.25,29.162056517927407,29.169189875203134,0.007133357275726837
73.0508474576271,0.25,28.203108696754775,28.21591175446516,0.012803057710385701
74.0677966101695,0.25,27.26865963106286,27.271693908669516,0.0030342776066554222
75.08474576271186,0.25,26.32006214419701,26.33112698995996,0.01106484576294875
76.10169491525424,0.25,25.4160159354004,25.404641201150238,-0.011374734250161112
77.11864406779662,0.25,24.48531982159356,24.480901636472534,-0.004418185121025431
78.13559322033899,0.25,23.553161007878607,23.5738446928727,0.020683684994093454
79.15254237288134,0.25,22.64295398920035,22.671127553010063,0.028173563809712476
80.16949152542371,0.25,21.78719654364947,21.785546861385864,-0.0016496822636042907
81.18644067796609,0.25,20.927473574756256,20.90680629829528,-0.020667276460976325
82.20338983050848,0.25,20.031702807287928,20.046267991811895,0.014565184523966934
83.22033898305085,0.25,19.22817017335984,19.19428201049954,-0.0338881628603005
84.23728813559322,0.25,18.38004603376179,18.362609323457075,-0.01743671030471461
85.2542372881356,0.25,17.52860520170961,17.539821446878125,0.011216245168515826
86.27118644067795,0.25,16.71588843872294,16.741019004923047,0.025130566200108007
87.28813559322033,0.25,15.96434845216201,15.949384671086996,-0.014963781075014282
88.3050847457627,0.25,15.17355295031375,15.187535429784193,0.0139824794704424
89.3220338983051,0.25,14.44638008450063,14.428393840822201,-0.017986243678429048
90.33898305084746,0.25,13.7329790168927,13.70752902649645,-0.0254499903962504
91.35593220338983,0.25,13.04566871155734,12.986664212170698,-0.059004499386642095
92.3728813559322,0.25,12.291542765393793,12.305468675628049,0.013925910234256378
93.38983050847456,0.25,11.62819959639232,11.629413739197801,0.0012141428054803782
94.40677966101696,0.25,10.9564155729602,10.984741130546622,0.02832555758642208
95.42372881355932,0.25,10.31980040701184,10.35694388112716,0.03714347411531982
96.4406779661017,0.25,9.795231246337615,9.74754966743979,-0.04768157889782465
97.45762711864408,0.25,9.211665279322048,9.17090013155757,-0.04076514776447837
98.47457627118644,0.25,8.582808750427517,8.594910667009708,0.012101916582190952
99.4915254237288,0.25,8.05926232004716,8.071565397919665,0.012303077872504176
100.5084745762712,0.25,7.521580977573506,7.548220128829608,0.026639151256102167
101.52542372881348,0.25,7.027705882297063,7.0579798199476524,0.03027393765058939
102.5423728813559,0.25,6.606589175029441,6.589205811032526,-0.01738336399691498
103.5593220338983,0.25,6.143308876325371,6.128168916426233,-0.015139959899137523
104.57627118644072,0.25,5.711024034747332,5.714223341170796,0.003199306423463888
105.5932203389831,0.25,5.276764806491158,5.300277765915376,0.023512959424217605
106.6101694915254,0.25,4.956880068959741,4.919510189855049,-0.03736987910469214
107.6271186440678,0.25,4.489328772419192,4.5595713306332355,0.07024255821404335
108.6440677966102,0.25,4.208563562670641,4.200922636366677,-0.007640926303963624
109.6610169491525,0.25,3.875495629254864,3.893084195802106,0.017588566547241946
110.67796610169492,0.25,3.594748257637963,3.585245755237497,-0.009502502400466017
111.6949152542373,0.25,3.32694140437783,3.29564351905554,-0.03129788532229005
112.7118644067797,0.25,3.052494410188423,3.036978997196371,-0.015515412992051836
113.728813559322,0.25,2.785557009193536,2.7783144753372238,-0.007242533856312239
114.7457627118644,0.25,2.517713347441259,2.5491797610387734,0.03146641359751445
115.7627118644068,0.25,2.338616256234445,2.335876168258471,-0.002740087975973804
116.77966101694912,0.25,2.078681409236708,2.1225725754781832,0.043891166241475155
117.7966101694915,0.25,1.9287618433988667,1.944550105887145,0.01578826248827836
118.8135593220339,0.25,1.747850938666879,1.7721019200517292,0.024250981384850157
119.83050847457632,0.25,1.58283557488036,1.5999001282945486,0.017064553414188666
120.8474576271187,0.25,1.459290428634464,1.4633464718459157,0.00405604321145181
121.864406779661,0.25,1.295322185418305,1.3267928153972939,0.03147062997898886
122.8813559322034,0.25,1.191056538733964,1.1926730188283212,0.00161648009435722
123.8983050847458,0.25,1.076874912596551,1.086855073212644,0.00998016061609297
124.9152542372881,0.25,0.969105458481872,0.9810371275969771,0.011931669115105126
125.93220338983052,0.25,0.8870433352467657,0.8772379787845404,-0.009805356462225356
126.9491525423729,0.25,0.794896412330198,0.7970510086839269,0.0021545963537288326
127.9661016949153,0.25,0.7222826069049492,0.7168640385833123,-0.005418568321636896
128.9830508474576,0.25,0.6426454364567604,0.6367558811248758,-0.005889555331884622
130.0,0.25,0.5608664670417518,0.5773716369789217,0.016505169937169883
70.0,0.3333333333333333,31.571712274625447,31.56442675617996,-0.007285518445488748
71.01694915254237,0.3333333333333333,30.62283696854212,30.6250811704691,0.0022442019269810487
72.03389830508475,0.3333333333333333,29.69778938316395,29.691485990095824,-0.006303393068126439
73.0508474576271,0.3333333333333333,28.75451305339158,28.76460503867828,0.010091985286699412
74.0677966101695,0.3333333333333333,27.85244804990337,27.84809860637212,-0.00434944353125033
75.08474576271186,0.3333333333333333,26.93599269276949,26.93577268879314,-0.00022000397634869273
76.10169491525424,0.3333333333333333,26.02992219880322,26.03898280664498,0.00906060784176077
77.11864406779662,0.3333333333333333,25.13346857726533,25.145164878468503,0.01169630120317322
78.13559322033899,0.3333333333333333,24.25154871257403,24.26912256256987,0.017573849995837776
79.15254237288134,0.3333333333333333,23.38115954645703,23.397556546048136,0.0163969995911053
80.16949152542371,0.3333333333333333,22.57339207605496,22.543665953858277,-0.029726122196684912
81.18644067796609,0.3333333333333333,21.71596181759759,21.696622141529506,-0.01933967606808551
82.20338983050848,0.3333333333333333,20.84124771335196,20.86779828564632,0.026550572294357977
83.22033898305085,0.3333333333333333,20.06307693725834,20.04730396040985,-0.015772976848491993
84.23728813559322,0.3333333333333333,19.27032523871749,19.24659375279907,-0.02373148591842167
85.2542372881356,0.3333333333333333,18.476393935915056,18.45432661981988,-0.02206731609517476
86.27118644067795,0.3333333333333333,17.69673552239796,17.684852411397948,-0.011883111000013713
87.28813559322033,0.3333333333333333,16.9261324368981,16.92204381334993,-0.0040886235481707445
88.3050847457627,0.3333333333333333,16.18419960956675,16.186932317310006,0.0027327077432559577
89.3220338983051,0.3333333333333333,15.49343131717996,15.454292244525142,-0.03913907265481775
90.33898305084746,0.3333333333333333,14.73635296430094,14.75658948977737,0.020236525476430955
91.35593220338983,0.3333333333333333,14.0537446949398,14.0588867350296,0.005142040089799238
92.3728813559322,0.3333333333333333,13.37688965912052,13.396840328707231,0.0199506695867111
93.38983050847456,0.3333333333333333,12.75089069779513,12.739414501305552,-0.011476196489578427
94.40677966101696,0.3333333333333333,12.13463348219112,12.10986166397751,-0.024771818213610075
95.42372881355932,0.3333333333333333,11.42564013527898,11.49529709404844,0.06965695876945865
96.4406779661017,0.3333333333333333,10.97886345608428,10.896942171836795,-0.08192128424748546
97.45762711864408,0.3333333333333333,10.3210941577729,10.327429213503788,0.006335055730888328
98.47457627118644,0.3333333333333333,9.755306734359252,9.758495039913623,0.003188305554370885
99.4915254237288,0.3333333333333333,9.205875226036012,9.23572202428346,0.029846798247447737
100.5084745762712,0.3333333333333333,8.755694449466219,8.712949008653283,-0.04274544081293641
101.52542372881348,0.3333333333333333,8.17886704822849,8.219190020418036,0.04032297218954639
102.5423728813559,0.3333333333333333,7.750941705356291,7.744244642330324,-0.006697063025966621
103.5593220338983,0.3333333333333333,7.278527291904197,7.2761057456044735,-0.002421546299723687
104.57627118644072,0.3333333333333333,6.861259397187077,6.849393946201064,-0.011865450986012327
105.5932203389831,0.3333333333333333,6.449071291245312,6.422682146797673,-0.026389144447639623
106.6101694915254,0.3333333333333333,6.000214519170733,6.025398150829159,0.025183631658426187
107.6271186440678,0.3333333333333333,5.578872993442843,5.646588547524289,0.06771555408144625
108.6440677966102,0.3333333333333333,5.2701417974828795,5.26893811717098,-0.0012036803118995465
109.6610169491525,0.3333333333333333,4.983409150648754,4.936939114190105,-0.04647003645864878
110.67796610169492,0.3333333333333333,4.519935801568629,4.604940111209189,0.08500430964055994
111.6949152542373,0.3333333333333333,4.339770538426777,4.289619687125151,-0.050150851301626
112.7118644067797,0.3333333333333333,4.040034218255936,4.002594466274989,-0.03743975198094773
113.728813559322,0.3333333333333333,3.7069391055097194,3.7155692454248497,0.008630139915130286
114.7457627118644,0.3333333333333333,3.416166185544892,3.45617680922466,0.04001062367976793
115.7627118644068,0.3333333333333333,3.245625058208645,3.2115984882461506,-0.034026569962494424
116.77966101694912,0.3333333333333333,2.968472558478322,2.9670201672676586,-0.0014523912106634285
117.7966101694915,0.3333333333333333,2.795032283961415,2.756400418043652,-0.03863186591776291
118.8135593220339,0.3333333333333333,2.571874780164499,2.551145994460776,-0.02072878570372305
119.83050847457632,0.3333333333333333,2.353686779718284,2.346136850068623,-0.007549929649660836
120.8474576271187,0.3333333333333333,2.189850266576528,2.176614539783561,-0.013235726792967029
121.864406779661,0.3333333333333333,2.022947186706023,2.0070922294985127,-0.01585495720751018
122.8813559322034,0.3333333333333333,1.8076355555049337,1.8400898873743623,0.03245433186942859
123.8983050847458,0.3333333333333333,1.7496409993213793,1.7023906961395552,-0.047250303181824105
124.9152542372881,0.3333333333333333,1.5858433820099993,1.5646915049047614,-0.021151877105237915
125.93220338983052,0.3333333333333333,1.434515195157156,1.4291788533064467,-0.005336341850709303
126.9491525423729,0.3333333333333333,1.307178990562756,1.319240328125658,0.012061337562901953
127.9661016949153,0.3333333333333333,1.16284012483586,1.2093018029448674,0.046461678109007476
128.9830508474576,0.3333333333333333,1.084604283031506,1.0994530941854268,0.014848811153920893
130.0,0.3333333333333333,1.034303786995185,1.013221760489436,-0.021082026505748974
70.0,0.4166666666666665,32.03693728066226,32.04788948991606,0.01095220925380147
71.01694915254237,0.4166666666666665,31.12051479191454,31.130054123259054,0.009539331344512902
72.03389830508475,0.4166666666666665,30.23576409595756,30.218481291186805,-0.017282804770754723
73.0508474576271,0.4166666666666665,29.35290258545736,29.314220655138445,-0.03868193031891565
74.0677966101695,0.4166666666666665,28.4246599730562,28.420993265387086,-0.0036667076691152545
75.08474576271186,0.4166666666666665,27.537874298613488,27.532211830974767,-0.00566246763872158
76.10169491525424,0.4166666666666665,26.696193646993976,26.65958570448399,-0.03660794250998478
77.11864406779662,0.4166666666666665,25.82542626049245,25.790014445359283,-0.03541181513316616
78.13559322033899,0.4166666666666665,24.9482364985866,24.938540885192598,-0.009695613394001157
79.15254237288134,0.4166666666666665,24.088164665208655,24.091535763511917,0.003371098303261988
80.16949152542371,0.4166666666666665,23.27142144776197,23.26217502610738,-0.00924642165459133
81.18644067796609,0.4166666666666665,22.44090830077702,22.439525598284405,-0.0013827024926165166
82.20338983050848,0.4166666666666665,21.6410022287363,21.634735627133008,-0.006266601603293509
83.22033898305085,0.4166666666666665,20.85734553109216,20.83797549261005,-0.01937003848211205
84.23728813559322,0.4166666666666665,20.05421779981928,20.060287649085236,0.00606984926595544
85.2542372881356,0.4166666666666665,19.318650999789895,19.290617883729336,-0.028033116060559138
86.27118644067795,0.4166666666666665,18.50051276864529,18.54259372246587,0.04208095382058019
87.28813559322033,0.4166666666666665,17.78153870022108,17.800816268612166,0.019277568391085964
88.3050847457627,0.4166666666666665,17.07812555616397,17.084995281254002,0.006869725090030698
89.3220338983051,0.4166666666666665,16.34595176062334,16.371464111106942,0.02551235048360212
90.33898305084746,0.4166666666666665,15.671933868179552,15.690302981982736,0.018369113803183623
91.35593220338983,0.4166666666666665,15.062388323911312,15.009141852858528,-0.05324647105278402
92.3728813559322,0.4166666666666665,14.39106468688176,14.360705720597739,-0.03035896628402135
93.38983050847456,0.4166666666666665,13.70596373895204,13.716510303871884,0.01054656491984396
94.40677966101696,0.4166666666666665,13.18622265742199,13.097707700426355,-0.08851495699563472
95.42372881355932,0.4166666666666665,12.46759119432047,12.492559687839297,0.024968493518827017
96.4406779661017,0.4166666666666665,11.87429702595519,11.902102045088355,0.027805019133165132
97.45762711864408,0.4166666666666665,11.375268458624348,11.337783102176124,-0.03748535644822404
98.47457627118644,0.4166666666666665,10.777413208663273,10.773987169843057,-0.0034260388202156378
99.4915254237288,0.4166666666666665,10.31894322248876,10.251904109623515,-0.06703911286524544
100.5084745762712,0.4166666666666665,9.70200082867816,9.72982104940396,0.027820220725798706
101.52542372881348,0.4166666666666665,9.223927995634815,9.233943692457544,0.010015696822728515
102.5423728813559,0.4166666666666665,8.749403913512943,8.755058939754296,0.005655026241353056
103.5593220338983,0.4166666666666665,8.328506158659295,8.282334819429709,-0.04617133922958594
104.57627118644072,0.4166666666666665,7.871789815678967,7.847106888920396,-0.024682926758570645
105.5932203389831,0.4166666666666665,7.360404625735357,7.411878958411101,0.05147433267574453
106.6101694915254,0.4166666666666665,6.924814200351022,7.003415451790942,0.07860125143992036
107.6271186440678,0.4166666666666665,6.610425976158844,6.61175430275884,0.0013283265999959326
108.6440677966102,0.4166666666666665,6.210832079388283,6.221155562139756,0.010323482751472213
109.6610169491525,0.4166666666666665,5.915051980459531,5.872397394527019,-0.042654585932512035
110.67796610169492,0.4166666666666665,5.54186936112859,5.523639226914239,-0.0182301342143516
111.6949152542373,0.4166666666666665,5.221740913991745,5.190331982272775,-0.0314089317189703
112.7118644067797,0.4166666666666665,4.922428971157352,4.883237223019144,-0.03919174813820803
113.728813559322,0.4166666666666665,4.559304252259185,4.576142463765539,0.016838211506353673
114.7457627118644,0.4166666666666665,4.307555965429418,4.295003997767474,-0.012551967661943664
115.7627118644068,0.4166666666666665,3.997071445132676,4.027780869072054,0.030709423939378144
116.77966101694912,0.4166666666666665,3.7697615473854498,3.7605577403766532,-0.009203807008796527
117.7966101694915,0.4166666666666665,3.559260786111526,3.525784929049428,-0.033475857062098324
118.8135593220339,0.4166666666666665,3.353525872630144,3.296139144886274,-0.057386727743870214
119.83050847457632,0.4166666666666665,3.084857299550308,3.0667326172490896,-0.018124682301218442
120.8474576271187,0.4166666666666665,2.8584753849849487,2.871941568491827,0.013466183506878338
121.864406779661,0.4166666666666665,2.641140828485771,2.677150519734581,0.036009691248809705
122.8813559322034,0.4166666666666665,2.4788937575227368,2.484877493603494,0.005983736080757307
123.8983050847458,0.4166666666666665,2.269455046832309,2.321884994941822,0.05242994810951318
124.9152542372881,0.4166666666666665,2.165259246496348,2.1588924962801657,-0.006366750216182382
125.93220338983052,0.4166666666666665,2.004000278885997,1.998146194907633,-0.005854083978364066
126.9491525423729,0.4166666666666665,1.836245550620808,1.8636717856482983,0.02742623502749031
127.9661016949153,0.4166666666666665,1.703426029350574,1.7291973763889619,0.025771347038387793
128.9830508474576,0.4166666666666665,1.56476656804803,1.5948181726442137,0.030051604596183612
130.0,0.4166666666666665,1.452130005478123,1.4854734148539002,0.03334340937577718
70.0,0.4999999999999998,32.53295139664353,32.52988261838528,-0.0030687782582532463
71.01694915254237,0.4999999999999998,31.668529425711927,31.630897986062674,-0.037631439649253196
72.03389830508475,0.4999999999999998,30.7609014510729,30.738462007677107,-0.02243944339579329
73.0508474576271,0.4999999999999998,29.850269411169695,29.853672301041765,0.0034028898720706025
74.0677966101695,0.4999999999999998,28.99187688789872,28.980236552308078,-0.01164033559064137
75.08474576271186,0.4999999999999998,28.09014193202784,28.111375992815457,0.02123406078761647
76.10169491525424,0.4999999999999998,27.26867440545903,27.258889909156444,-0.009784496302586376
77.11864406779662,0.4999999999999998,26.40976173919326,26.409476191899394,-0.0002855472938669834
78.13559322033899,0.4999999999999998,25.600425943711247,25.578145398999908,-0.022280544711339445
79.15254237288134,0.4999999999999998,24.72772811089618,24.751220148854657,0.02349203795847643
80.16949152542371,0.4999999999999998,23.94745794188872,23.941690928562803,-0.0057670133259186684
81.18644067796609,0.4999999999999998,23.16723499605863,23.138697169796426,-0.028537826262205357
82.20338983050848,0.4999999999999998,22.35777291064236,22.3530949186821,-0.004677991960260641
83.22033898305085,0.4999999999999998,21.56097925933702,21.575223951465205,0.0142446921281838
84.23728813559322,0.4999999999999998,20.77811428291587,20.81571615937929,0.037601876463419615
85.2542372881356,0.4999999999999998,20.04920976759129,20.0638496645003,0.01463989690901002
86.27118644067795,0.4999999999999998,19.318335428660287,19.332611615816187,0.014276187155900288
87.28813559322033,0.4999999999999998,18.5284493963185,18.607272904579986,0.0788235082614861
88.3050847457627,0.4999999999999998,17.89897396954712,17.90644725995122,0.0074732904040999415
89.3220338983051,0.4999999999999998,17.26466382446805,17.20776717732964,-0.05689664713841225
90.33898305084746,0.4999999999999998,16.55738957983937,16.53941786951957,-0.017971710319798717
91.35593220338983,0.4999999999999998,15.80885647417381,15.871068561709503,0.06221208753569307
92.3728813559322,0.4999999999999998,15.27059513845158,15.233182259819637,-0.03741287863194209
93.38983050847456,0.4999999999999998,14.56900853697734,14.599243550132325,0.03023501315498578
94.40677966101696,0.4999999999999998,13.99303922166413,13.988820420611592,-0.004218801052537913
95.42372881355932,0.4999999999999998,13.45602995301784,13.39104242900565,-0.06498752401219043
96.4406779661017,0.4999999999999998,12.70978118779496,12.806818351914186,0.09703716411922692
97.45762711864408,0.4999999999999998,12.278618688578527,12.246710870053873,-0.03190781852465463
98.47457627118644,0.4999999999999998,11.74696330007113,11.687084896680407,-0.05987840339072292
99.4915254237288,0.4999999999999998,11.12941088735748,11.165861783083644,0.03645089572616378
100.5084745762712,0.4999999999999998,10.6343443984039,10.644638669486866,0.010294271082965878
101.52542372881348,0.4999999999999998,10.19797632670424,10.147529390736487,-0.05044693596775218
102.5423728813559,0.4999999999999998,9.690756368860832,9.66605628278675,-0.02470008607408225
103.5593220338983,0.4999999999999998,9.220998134169513,9.190259032906091,-0.030739101263421276
104.57627118644072,0.4999999999999998,8.635105659331908,8.74900743328368,0.11390177395177226
105.5932203389831,0.4999999999999998,8.246103757138492,8.307755833661286,0.06165207652279392
106.6101694915254,0.4999999999999998,7.882154339420205,7.8912387599687115,0.009084420548506777
107.6271186440678,0.4999999999999998,7.42306996817566,7.490249700298229,0.06717973212256911
108.6440677966102,0.4999999999999998,7.110227877585274,7.090247434264821,-0.01998044332045268
109.6610169491525,0.4999999999999998,6.692406289570293,6.729107822845462,0.036701533275168785
110.67796610169492,0.4999999999999998,6.376874124534361,6.3679682114260565,-0.008905913108304908
111.6949152542373,0.4999999999999998,6.004342460331897,6.021282146382532,0.016939686050634783
112.7118644067797,0.4999999999999998,5.689210856271046,5.699116517683388,0.009905661412341615
113.728813559322,0.4999999999999998,5.39837396630066,5.376950888984271,-0.02142307731638926
114.7457627118644,0.4999999999999998,5.068667186537681,5.079292221359372,0.010625034821691415
115.7627118644068,0.4999999999999998,4.79230495710668,4.79477189464676,0.002466937540080316
116.77966101694912,0.4999999999999998,4.52521910404786,4.510251567934168,-0.014967536113691615
117.7966101694915,0.4999999999999998,4.2934421552219675,4.256725262445676,-0.03671689277629131
118.8135593220339,0.4999999999999998,3.983614248531385,4.008095894849558,0.024481646318172956
119.83050847457632,0.4999999999999998,3.747307297533951,3.7596982458184143,0.012390948284463299
120.8474576271187,0.4999999999999998,3.517745802890772,3.5448254883633084,0.02707968547253614
121.864406779661,0.4999999999999998,3.386719652396245,3.329952730908221,-0.05676692148802376
122.8813559322034,0.4999999999999998,3.144306734794178,3.11755885801636,-0.026747876777818202
123.8983050847458,0.4999999999999998,2.8936792567674487,2.933990400270926,0.04031114350347709
124.9152542372881,0.4999999999999998,2.848468395803675,2.75042194252551,-0.0980464532781653
125.93220338983052,0.4999999999999998,2.5779845976968048,2.569106868697908,-0.008877728998896828
126.9491525423729,0.4999999999999998,2.492593637645342,2.414147742972088,-0.07844589467325402
127.9661016949153,0.4999999999999998,2.250219271710346,2.259188617246266,0.008969345535919881
128.9830508474576,0.4999999999999998,2.12110050234859,2.1043270696876313,-0.016773432660958765
130.0,0.4999999999999998,1.930417570540699,1.9751238609690105,0.044706290428311535
70.0,0.5833333333333333,33.01163767806501,33.00483258915483,-0.0068050889101769485
71.01694915254237,0.5833333333333333,32.12420245860486,32.122508666392655,-0.0016937922122082227
72.03389830508475,0.5833333333333333,31.232974246111816,31.24689027151333,0.01391602540151382
73.0508474576271,0.5833333333333333,30.39121150534383,30.379101315922437,-0.012110189421392192
74.0677966101695,0.5833333333333333,29.50390207786443,29.522803911962637,0.018901834098205228
75.08474576271186,0.5833333333333333,28.68427736417592,28.671137141993306,-0.01314022218261357
76.10169491525424,0.5833333333333333,27.84593533327837,27.83586142583706,-0.01007390744130987
77.11864406779662,0.5833333333333333,27.03853963017695,27.003643943741864,-0.03489568643508534
78.13559322033899,0.5833333333333333,26.13773594440358,26.189340249261033,0.05160430485745238
79.15254237288134,0.5833333333333333,25.373085304883087,25.379358541032577,0.006273236149489492
80.16949152542371,0.5833333333333333,24.581836638962727,24.586442925693593,0.004606286730865605
81.18644067796609,0.5833333333333333,23.76098607770363,23.79988101881643,0.038894941112797454
82.20338983050848,0.5833333333333333,23.04994488558651,23.030226956764274,-0.01971792882223511
83.22033898305085,0.5833333333333333,22.22965535091619,22.268026885161092,0.03837153424490225
84.23728813559322,0.5833333333333333,21.53019611721206,21.52353136740109,-0.006664749810969539
85.2542372881356,0.5833333333333333,20.74583419926206,20.786347717847825,0.04051351858576524
86.27118644067795,0.5833333333333333,20.13528096562576,20.0689031879495,-0.06637777767626218
87.28813559322033,0.5833333333333333,19.32170985357092,19.357065866851205,0.03535601328028548
88.3050847457627,0.5833333333333333,18.65649361524699,18.668527752487666,0.012034137240675591
89.3220338983051,0.5833333333333333,18.01392184264384,17.98201707325208,-0.031904769391758236
90.33898305084746,0.5833333333333333,17.30258410535135,17.324167266135373,0.021583160784022226
91.35593220338983,0.5833333333333333,16.55528060756397,16.66631745901866,0.111036851454692
92.3728813559322,0.5833333333333333,15.9716240729469,16.03711240233341,0.06548832938650939
93.38983050847456,0.5833333333333333,15.42942830965683,15.411619316612004,-0.017808993044825527
94.40677966101696,0.5833333333333333,14.76305774224184,14.808151643038492,0.045093900796652875
95.42372881355932,0.5833333333333333,14.29134746802715,14.216527792677814,-0.07481967534933531
96.4406779661017,0.5833333333333333,13.650562124037767,13.637562563998125,-0.012999560039641977
97.45762711864408,0.5833333333333333,13.12119813266399,13.081120928405776,-0.04007720425821404
98.47457627118644,0.5833333333333333,12.51548146293803,12.525128209511342,0.00964674657331166
99.4915254237288,0.5833333333333333,12.05695876182828,12.004938982086887,-0.052019779741392824
100.5084745762712,0.5833333333333333,11.598161836373412,11.484749754662417,-0.1134120817109956
101.52542372881348,0.5833333333333333,10.956512807969387,10.987029664988416,0.03051685701902862
102.5423728813559,0.5833333333333333,10.548491582546212,10.503879272662315,-0.04461230988389708
103.5593220338983,0.5833333333333333,9.93019432204165,10.026021384300048,0.09582706225839743
104.57627118644072,0.5833333333333333,9.612617001815487,9.580375892495205,-0.03224110932028168
105.5932203389831,0.5833333333333333,9.233377418900387,9.134730400690382,-0.09864701821000565
106.6101694915254,0.5833333333333333,8.806051282787692,8.712196427410394,-0.09385485537729821
107.6271186440678,0.5833333333333333,8.225156495701713,8.304171565190131,0.07901506948841863
108.6440677966102,0.5833333333333333,7.938619069787336,7.897071971070682,-0.04154709871665396
109.6610169491525,0.5833333333333333,7.498806395864412,7.526411986284231,0.02760559041981825
110.67796610169492,0.5833333333333333,7.166271162409366,7.155752001497733,-0.010519160911632852
111.6949152542373,0.5833333333333333,6.780174040434588,6.798712391135228,0.01853835070064047
112.7118644067797,0.5833333333333333,6.515174432479931,6.464779741193691,-0.050394691286239635
113.728813559322,0.5833333333333333,6.130734133767568,6.130847091252182,0.00011295748461392918
114.7457627118644,0.5833333333333333,5.866277927208699,5.820161611239609,-0.04611631596909049
115.7627118644068,0.5833333333333333,5.486886722463892,5.521939089928739,0.03505236746484641
116.77966101694912,0.5833333333333333,5.117649941578353,5.22371656861789,0.10606662703953695
117.7966101694915,0.5833333333333333,4.975606643973705,4.955139060894934,-0.02046758307877017
118.8135593220339,0.5833333333333333,4.640990964996451,4.691245352970296,0.05025438797384485
119.83050847457632,0.5833333333333333,4.464259009737297,4.427575510503363,-0.036683499233934214
120.8474576271187,0.5833333333333333,4.162140814393627,4.196294377150182,0.03415356275655501
121.864406779661,0.5833333333333333,4.011816117413648,3.9650132437970207,-0.046802873616627494
122.8813559322034,0.5833333333333333,3.7918667768754615,3.7361555022364996,-0.05571127463896186
123.8983050847458,0.5833333333333333,3.501952177055848,3.5354778847211406,0.033525707665292614
124.9152542372881,0.5833333333333333,3.303443581829239,3.334800267205801,0.03135668537656189
125.93220338983052,0.5833333333333333,3.098867882657185,3.1363560002302413,0.03748811757305637
126.9491525423729,0.5833333333333333,2.92851967633414,2.964033367679359,0.0355136913452192
127.9661016949153,0.5833333333333333,2.749899133845613,2.7917107351284747,0.041811601282861766
128.9830508474576,0.5833333333333333,2.649851780495805,2.6194863364666863,-0.03036544402911856
130.0,0.5833333333333333,2.444729333745606,2.4730926997940923,0.028363366048486327
70.0,0.6666666666666666,33.46897680050228,33.47049434284685,0.00151754234456547
71.01694915254237,0.6666666666666666,32.63344828996129,32.6030752341737,-0.0303730557875852
72.03389830508475,0.6666666666666666,31.7644797263706,31.742441532883085,-0.022038193487514235
73.0508474576271,0.6666666666666666,30.89632014906963,30.889730538958236,-0.006589610111394251
74.0677966101695,0.6666666666666666,30.076753308648016,30.048544964523995,-0.028208344124021068
75.08474576271186,0.6666666666666666,29.20615605980502,29.212003671468015,0.005847611662993302
76.10169491525424,0.6666666666666666,28.41116838361448,28.391763224332053,-0.01940515928242803
77.11864406779662,0.6666666666666666,27.62561177164355,27.5745511223497,-0.05106064929384857
78.13559322033899,0.6666666666666666,26.762271290660905,26.775012268909816,0.012740978248910295
79.15254237288134,0.6666666666666666,25.97320873006996,25.97970545651968,0.00649672644972199
80.16949152542371,0.6666666666666666,25.2298299598861,25.20110957319081,-0.028720386695290756
81.18644067796609,0.6666666666666666,24.43328206809035,24.428691797334967,-0.004590270755382875
82.20338983050848,0.6666666666666666,23.676016770104695,23.672714574755062,-0.0033021953496330525
83.22033898305085,0.6666666666666666,22.916543385747,22.9239387413131,0.007395355566099937
84.23728813559322,0.6666666666666666,22.11870389501007,22.192267488647204,0.07356359363713239
85.2542372881356,0.6666666666666666,21.503724524328128,21.46761898723158,-0.03610553709654596
86.27118644067795,0.6666666666666666,20.80123690165359,20.7619291053256,-0.03930779632798931
87.28813559322033,0.6666666666666666,20.14083335828769,20.061596514866118,-0.07923684342157244
88.3050847457627,0.6666666666666666,19.36249468704967,19.383524668638174,0.02102998158850511
89.3220338983051,0.6666666666666666,18.68840851042787,18.707381015674173,0.01897250524630323
90.33898305084746,0.6666666666666666,18.00174017006778,18.058495300484115,0.05675513041633451
91.35593220338983,0.6666666666666666,17.40443630483527,17.409609585294056,0.005173280458787843
92.3728813559322,0.6666666666666666,16.74258088238899,16.787860623914128,0.04527974152513892
93.38983050847456,0.6666666666666666,16.15141983798237,16.16962821759853,0.01820837961615851
94.40677966101696,0.6666666666666666,15.57313663512193,15.572196162214132,-0.0009404729077981955
95.42372881355932,0.6666666666666666,14.970560810831913,14.985949172404894,0.015388361572981069
96.4406779661017,0.6666666666666666,14.44672843342047,14.411628687101745,-0.03509974631872481
97.45762711864408,0.6666666666666666,13.77621137252984,13.858529132577575,0.08231776004773472
98.47457627118644,0.6666666666666666,13.30417867677902,13.305851898822242,0.0016732220432214007
99.4915254237288,0.6666666666666666,12.8052812423791,12.786856989905303,-0.018424252473797864
100.5084745762712,0.6666666666666666,12.19240587947953,12.267862080988348,0.0754562015088176
101.52542372881348,0.6666666666666666,11.78840112943292,11.769992706433959,-0.01840842299896117
102.5423728813559,0.6666666666666666,11.28030720628494,11.285821794428214,0.005514588143274324
103.5593220338983,0.6666666666666666,10.85670976190016,10.80662880416963,-0.05008095773052901
104.57627118644072,0.6666666666666666,10.373467864121,10.357733531295306,-0.015734332825694253
105.5932203389831,0.6666666666666666,9.962940827489327,9.908838258421001,-0.054102569068325224
106.6101694915254,0.6666666666666666,9.486010012301128,9.481711525988961,-0.0042984863121660055
107.6271186440678,0.6666666666666666,9.137543617178297,9.068250800424682,-0.06929281675361487
108.6440677966102,0.6666666666666666,8.665700939861445,8.65566376818974,-0.010037171671704925
109.6610169491525,0.6666666666666666,8.33934580893434,8.27748518856425,-0.06186062037008888
110.67796610169492,0.6666666666666666,7.821529262489747,7.899306608938713,0.07777734644896572
111.6949152542373,0.6666666666666666,7.559645850424759,7.5340365484327645,-0.025609301991994293
112.7118644067797,0.6666666666666666,7.3077812467169565,7.190665786074172,-0.11711546064278444
113.728813559322,0.6666666666666666,6.881347486652629,6.847295023715607,-0.03405246293702202
114.7457627118644,0.6666666666666666,6.54929291685704,6.526064758986392,-0.02322815787064858
115.7627118644068,0.6666666666666666,6.175473836585624,6.216704158755404,0.04123032216978029
116.77966101694912,0.6666666666666666,5.91047601477768,5.907343558524438,-0.0031324562532413225
117.7966101694915,0.6666666666666666,5.575269906004614,5.626392271512619,0.05112236550800464
118.8135593220339,0.6666666666666666,5.387409265681554,5.349929548323905,-0.0374797173576491
119.83050847457632,0.6666666666666666,5.01734192058856,5.073682985635111,0.05634106504655101
120.8474576271187,0.6666666666666666,4.872189947631878,4.828710383768699,-0.04347956386317975
121.864406779661,0.6666666666666666,4.582574070660566,4.583737781902306,0.001163711241739307
122.8813559322034,0.6666666666666666,4.378531954233761,4.34112623283263,-0.03740572140113141
123.8983050847458,0.6666666666666666,4.108295518386186,4.125969906187475,0.01767438780128927
124.9152542372881,0.6666666666666666,3.9729237807654334,3.9108135795423413,-0.062110201223092076
125.93220338983052,0.6666666666666666,3.626779456195656,3.697855951262093,0.07107649506643732
126.9491525423729,0.6666666666666666,3.473263374730099,3.5106146598822807,0.03735128515218156
127.9661016949153,0.6666666666666666,3.285424775951398,3.323373368502465,0.03794859255106697
128.9830508474576,0.6666666666666666,3.062266143203448,3.1362299467675547,0.07396380356410681
130.0,0.6666666666666666,2.955966847278727,2.9748215084149994,0.018854661136272544
70.0,0.75,33.88953496295371,33.92624027310775,0.03670531015404066
71.01694915254237,0.75,33.07024907318912,33.07231960825164,0.002070535062522083
72.03389830508475,0.75,32.20786841058192,32.22521657855057,0.01734816796864891
73.0508474576271,0.75,31.37517730860827,31.386073885674513,0.010896577066244362
74.0677966101695,0.75,30.55532389632101,30.558429499869042,0.003105603548032576
75.08474576271186,0.75,29.72770003648811,29.735418470224964,0.0077184337368549905
76.10169491525424,0.75,28.95024400842988,28.928560403358738,-0.021683605071142864
77.11864406779662,0.75,28.1809639459415,28.124692924407082,-0.05627102153441754
78.13559322033899,0.75,27.29825893412409,27.338226567499845,0.03996763337575615
79.15254237288134,0.75,26.582993549001536,26.555902044025373,-0.02709150497616264
80.16949152542371,0.75,25.76465846062845,25.78993224959647,0.02527378896801835
81.18644067796609,0.75,25.01601312688283,25.029974928549137,0.01396180166630856
82.20338983050848,0.75,24.21919921251913,24.286017392125384,0.0668181796062548
83.22033898305085,0.75,23.57513710546382,23.54903178395043,-0.02610532151339129
84.23728813559322,0.75,22.86736002817971,22.828605746104504,-0.0387542820752067
85.2542372881356,0.75,22.10453756072538,22.114946436314206,0.010408875588826305
86.27118644067795,0.75,21.43901104922103,21.419554585808743,-0.01945646341228624
87.28813559322033,0.75,20.715245176150408,20.729302703087875,0.014057526937467202
88.3050847457627,0.75,20.054501080372848,20.06040853617432,0.00590745580147356
89.3220338983051,0.75,19.451662101381736,19.393357399198067,-0.05830470218366912
90.33898305084746,0.75,18.76140574376077,18.75236028714032,-0.009045456620448533
91.35593220338983,0.75,18.164672773031768,18.11136317508257,-0.053309597949198206
92.3728813559322,0.75,17.44254156730355,17.496221078028324,0.053679510724773394
93.38983050847456,0.75,16.94078889651325,16.8844294400815,-0.05635945643174978
94.40677966101696,0.75,16.31776549775261,16.2924037477147,-0.025361750037909303
95.42372881355932,0.75,15.69619299059679,15.71100688551519,0.014813894918399129
96.4406779661017,0.75,15.089630310522573,15.140920814097738,0.0512905035751654
97.45762711864408,0.75,14.62743803187218,14.590960128799837,-0.03647790307234189
98.47457627118644,0.75,14.112441797210908,14.041399431567399,-0.07104236564350863
99.4915254237288,0.75,13.64092894604723,13.52373990743948,-0.11718903860774965
100.5084745762712,0.75,13.02923415380161,13.006080383311547,-0.023153770490063508
101.52542372881348,0.75,12.46583192272109,12.508417145792055,0.04258522307096513
102.5423728813559,0.75,12.0687756758565,12.023720130973322,-0.0450555448831782
103.5593220338983,0.75,11.64290731385796,11.54373571455865,-0.09917159929930897
104.57627118644072,0.75,11.02489778473598,11.092434146497945,0.06753636176196487
105.5932203389831,0.75,10.66217292574112,10.64113257843726,-0.02104034730385962
106.6101694915254,0.75,10.295972265544792,10.21045954550842,-0.08551272003637145
107.6271186440678,0.75,9.769191280094132,9.792736838924668,0.023545558830535995
108.6440677966102,0.75,9.368011064354166,9.375843608360274,0.007832544006108222
109.6610169491525,0.75,8.979735715085937,8.99161743080451,0.011881715718573105
110.67796610169492,0.75,8.586086164279612,8.6073912532487,0.021305088969088004
111.6949152542373,0.75,8.193862459578312,8.235454440129748,0.04159198055143598
112.7118644067797,0.75,7.863217260964056,7.884366529456618,0.021149268492561824
113.728813559322,0.75,7.50557060929679,7.533278618783516,0.027708009486725693
114.7457627118644,0.75,7.162475393882602,7.203348700166658,0.04087330628405628
115.7627118644068,0.75,6.9068753541929055,6.884761718432614,-0.022113635760291572
116.77966101694912,0.75,6.5550250135701935,6.566174736698592,0.01114972312839857
117.7966101694915,0.75,6.350021560541368,6.274866900097651,-0.07515466044371699
118.8135593220339,0.75,5.944992604994169,5.987869065045326,0.04287646005115775
119.83050847457632,0.75,5.727015243058226,5.701080015435125,-0.02593522762310041
120.8474576271187,0.75,5.397009905692222,5.444497908072642,0.047488002380419836
121.864406779661,0.75,5.157806340155601,5.187915800710179,0.03010946055457797
122.8813559322034,0.75,4.977399118042243,4.933630237626176,-0.04376888041606719
123.8983050847458,0.75,4.737297695946079,4.706049767312896,-0.031247928633183264
124.9152542372881,0.75,4.404181500223963,4.47846929699964,0.07428779677567654
125.93220338983052,0.75,4.244400285791152,4.253045030166322,0.008644744375169822
126.9491525423729,0.75,3.948390597454804,4.0528400730853615,0.1044494756305574
127.9661016949153,0.75,3.79488255734508,3.8526351160043992,0.05775255865931905
128.9830508474576,0.75,3.6285852814030184,3.652527042982999,0.023941761579980625
130.0,0.75,3.475000524761651,3.477894792064134,0.002894267302482767
70.0,0.8333333333333333,34.39038587196286,34.372212250826955,-0.018173621135908036
71.01694915254237,0.8333333333333333,33.55940032077553,33.53065388717147,-0.028746433604062815
72.03389830508475,0.8333333333333333,32.74234695203744,32.69591484968551,-0.04643210235192896
73.0508474576271,0.8333333333333333,31.891383727664255,31.869138123469437,-0.02224560419481847
74.0677966101695,0.8333333333333333,31.08835493892029,31.053795620135443,-0.03455931878484719
75.08474576271186,0.8333333333333333,30.214399370094327,30.24306064960746,0.02866127951313402
76.10169491525424,0.8333333333333333,29.42996381779368,29.448299358553744,0.01833554076006294
77.11864406779662,0.8333333333333333,28.67350565061964,28.656487108750934,-0.017018541868704773
78.13559322033899,0.8333333333333333,27.89425518901512,27.88179203116189,-0.01246315785322949
79.15254237288134,0.8333333333333333,27.11907624488931,27.11115090943887,-0.00792533545044094
80.16949152542371,0.8333333333333333,26.36658209894922,26.356517517342787,-0.010064581606432199
81.18644067796609,0.8333333333333333,25.55916493524111,25.60774158318004,0.048576647938929796
82.20338983050848,0.8333333333333333,24.872457186210575,24.874552922245357,0.002095736034782192
83.22033898305085,0.8333333333333333,24.16664624050292,24.148127048381003,-0.018519192121917882
84.23728813559322,0.8333333333333333,23.4522731826398,23.437763997327643,-0.014509185312157058
85.2542372881356,0.8333333333333333,22.67659949111118,22.733938653966124,0.05733916285494445
86.27118644067795,0.8333333333333333,22.07567092286914,22.047762506507713,-0.027908416361427157
87.28813559322033,0.8333333333333333,21.32050019232232,21.366534581707725,0.046034389385404495
88.3050847457627,0.8333333333333333,20.69796264721084,20.70586762882797,0.007904981617130602
89.3220338983051,0.8333333333333333,20.10053396689295,20.04696933142267,-0.053564635470280564
90.33898305084746,0.8333333333333333,19.42174434289564,19.41307366304202,-0.008670679853619134
91.35593220338983,0.8333333333333333,18.8106317162482,18.779177994661367,-0.03145372158683202
92.3728813559322,0.8333333333333333,18.17555360916443,18.170026358800346,-0.005527250364085745
93.38983050847456,0.8333333333333333,17.5687142201603,17.564081213792196,-0.004633006368102599
94.40677966101696,0.8333333333333333,16.92884270090976,16.97701010580734,0.04816740489757976
95.42372881355932,0.8333333333333333,16.28062621219374,16.400088218019388,0.11946200582564614
96.4406779661017,0.8333333333333333,15.8436908130458,15.833947932274429,-0.009742880771371532
97.45762711864408,0.8333333333333333,15.22718476010526,15.286991442630342,0.05980668252508181
98.47457627118644,0.8333333333333333,14.69574303549974,14.740415771446045,0.04467273594630505
99.4915254237288,0.8333333333333333,14.1744802951324,14.224212395477945,0.04973210034554576
100.5084745762712,0.8333333333333333,13.711686755445967,13.70800901950983,-0.003677735936136628
101.52542372881348,0.8333333333333333,13.17627402744002,13.21083198651118,0.03455795907115977
102.5423728813559,0.8333333333333333,12.708628598044807,12.72599223417637,0.017363636131563
103.5593220338983,0.8333333333333333,12.26276508170826,12.245636563670551,-0.017128518037708318
104.57627118644072,0.8333333333333333,11.706985365916568,11.792572893899798,0.08558752798323077
105.5932203389831,0.8333333333333333,11.34722439869515,11.339509224129065,-0.007715174566085281
106.6101694915254,0.8333333333333333,10.8313694223285,10.906087260943487,0.07471783861498693
107.6271186440678,0.8333333333333333,10.39132777054621,10.48499610596248,0.09366833541626995
108.6440677966102,0.8333333333333333,10.108149004109572,10.064695851844235,-0.043453152265337636
109.6610169491525,0.8333333333333333,9.703915502042513,9.675543454692805,-0.02837204734970733
110.67796610169492,0.8333333333333333,9.376971032709022,9.286391057541326,-0.09057997516769589
111.6949152542373,0.8333333333333333,8.898409842715544,8.908981795552995,0.010571952837450382
112.7118644067797,0.8333333333333333,8.641581711030376,8.551494758239697,-0.09008695279067958
113.728813559322,0.8333333333333333,8.28776681097846,8.194007720926429,-0.09375909005203198
114.7457627118644,0.8333333333333333,7.879133049306339,7.856798163827198,-0.02233488547914053
115.7627118644068,0.8333333333333333,7.533143358739196,7.530459495496566,-0.0026838632426295916
116.77966101694912,0.8333333333333333,7.093656154790814,7.204120827165958,0.11046467237514346
117.7966101694915,0.8333333333333333,6.8665321982474765,6.904025723992354,0.03749352574487741
118.8135593220339,0.8333333333333333,6.608765385562503,6.608077004655785,-0.0006883809067179669
119.83050847457632,0.8333333333333333,6.432134803732346,6.312330089876503,-0.11980471385584313
120.8474576271187,0.8333333333333333,6.034268982226145,6.045780127458096,0.011511145231951403
121.864406779661,0.8333333333333333,5.653182827413325,5.779230165039711,0.1260473376263862
122.8813559322034,0.8333333333333333,5.587725744393843,5.514912478209865,-0.07281326618397799
123.8983050847458,0.8333333333333333,5.224643464069896,5.276552543312351,0.05190907924245547
124.9152542372881,0.8333333333333333,4.978020489115392,5.03819260841486,0.06017211929946864
125.93220338983052,0.8333333333333333,4.808168022429097,4.801942391394432,-0.006225631034665113
126.9491525423729,0.8333333333333333,4.682806017939093,4.590367780886479,-0.09243823705261445
127.9661016949153,0.8333333333333333,4.47752270041272,4.378793170378521,-0.09872953003419926
128.9830508474576,0.8333333333333333,4.23690324723152,4.167314077141832,-0.06958917008968779
130.0,0.8333333333333333,3.975529081540476,3.9809514067869616,0.00542232524648556
70.0,0.9166666666666666,34.81025303451936,34.808895181569,-0.0013578529503632808
71.01694915254237,0.9166666666666666,33.9750301690833,33.97876971607398,0.0037395469906797985
72.03389830508475,0.9166666666666666,33.09257920602454,33.15544506554855,0.06286585952400969
73.0508474576271,0.9166666666666666,32.26031253812567,32.34006111243672,0.0797485743110542
74.0677966101695,0.9166666666666666,31.54705695052755,31.536024308717572,-0.011032641809979538
75.08474576271186,0.9166666666666666,30.78779983643107,30.73655995068369,-0.051239885747378366
76.10169491525424,0.9166666666666666,29.9212305490155,29.952873123630116,0.03164257461461517
77.11864406779662,0.9166666666666666,29.20000946804043,29.172092169370956,-0.027917298669475343
78.13559322033899,0.9166666666666666,28.40456418725981,28.408142582498655,0.0035783952388470652
79.15254237288134,0.9166666666666666,27.66689886863088,27.64816240264902,-0.01873646598185985
80.16949152542371,0.9166666666666666,26.85012768314481,26.903856097034346,0.05372841388953731
81.18644067796609,0.9166666666666666,26.12263585714733,26.1652623172392,0.042626460091870655
82.20338983050848,0.9166666666666666,25.42949448901918,25.441870132023954,0.012375643004773451
83.22033898305085,0.9166666666666666,24.68514994568448,24.72504904734275,0.03989910165827126
84.23728813559322,0.9166666666666666,24.071368590120816,24.023835495835954,-0.04753309428486219
85.2542372881356,0.9166666666666666,23.31030711845013,23.328952778073777,0.018645659623647504
86.27118644067795,0.9166666666666666,22.64823040241302,22.651160779299904,0.002930376886883579
87.28813559322033,0.9166666666666666,21.90189197617326,21.978145685622444,0.0762537094491833
88.3050847457627,0.9166666666666666,21.336880227492415,21.324979701076273,-0.011900526416141588
89.3220338983051,0.9166666666666666,20.62725780875347,20.6735164696621,0.046258660908630844
90.33898305084746,0.9166666666666666,20.06723040628641,20.046124237656667,-0.021106168629742683
91.35593220338983,0.9166666666666666,19.43942297033669,19.418732005651236,-0.020690964685453395
92.3728813559322,0.9166666666666666,18.85750903201036,18.81510544233906,-0.04240358967129865
93.38983050847456,0.9166666666666666,18.27119863984566,18.21455858720367,-0.0566400526419919
94.40677966101696,0.9166666666666666,17.68143368940805,17.632103762707228,-0.04932992670082115
95.42372881355932,0.9166666666666666,17.08877280699739,17.059377646623155,-0.02939516037423573
96.4406779661017,0.9166666666666666,16.51654129271213,16.496970425969636,-0.01957086674249453
97.45762711864408,0.9166666666666666,15.966834523751468,15.952923703610946,-0.013910820140521807
98.47457627118644,0.9166666666666666,15.36586515824324,15.409241058200998,0.04337589995775737
99.4915254237288,0.9166666666666666,14.91919351935193,14.894595483564038,-0.02459803578789277
100.5084745762712,0.9166666666666666,14.310956604868228,14.379949908927061,0.06899330405883397
101.52542372881348,0.9166666666666666,13.92099776444539,13.883483244849668,-0.03751451959572272
102.5423728813559,0.9166666666666666,13.33961622399007,13.398804359542812,0.05918813555274127
103.5593220338983,0.9166666666666666,12.968204568239408,12.918409483000193,-0.04979508523921439
104.57627118644072,0.9166666666666666,12.45229537170606,12.464088878694694,0.011793506988635016
105.5932203389831,0.9166666666666666,11.96934476710926,12.009768274389213,0.040423507279953697
106.6101694915254,0.9166666666666666,11.534560789559173,11.574221926888761,0.039661137329588314
107.6271186440678,0.9166666666666666,11.14193398822468,11.150461813891024,0.008527825666343247
108.6440677966102,0.9166666666666666,10.72255202812924,10.727458482650079,0.004906454520838821
109.6610169491525,0.9166666666666666,10.2979115387058,10.334259303895903,0.0363477651901043
110.67796610169492,0.9166666666666666,9.889397663639373,9.941060125141677,0.05166246150230336
111.6949152542373,0.9166666666666666,9.45104692321351,9.55911664113081,0.10806971791729936
112.7118644067797,0.9166666666666666,9.162538893353192,9.196268439294203,0.03372954594101074
113.728813559322,0.9166666666666666,8.809958609639807,8.833420237457624,0.023461627817816577
114.7457627118644,0.9166666666666666,8.587863083447175,8.49005399955824,-0.09780908388893472
115.7627118644068,0.9166666666666666,8.101659032012634,8.15713216898756,0.05547313697492662
116.77966101694912,0.9166666666666666,7.829859294500622,7.824210338416903,-0.005648956083718737
117.7966101694915,0.9166666666666666,7.550944482690227,7.516580268147683,-0.03436421454254379
118.8135593220339,0.9166666666666666,7.315582931269523,7.212946200155462,-0.10263673111406124
119.83050847457632,0.9166666666666666,6.974951206705171,6.909507362497156,-0.06544384420801475
120.8474576271187,0.9166666666666666,6.682091654079386,6.634314322829367,-0.04777733125001937
121.864406779661,0.9166666666666666,6.376095495034868,6.359121283161601,-0.016974211873266754
122.8813559322034,0.9166666666666666,6.045390734479504,6.086097753969626,0.04070701949012179
123.8983050847458,0.9166666666666666,5.985180869795322,5.838302120040386,-0.14687874975493553
124.9152542372881,0.9166666666666666,5.512420266296083,5.590506486111171,0.07808621981508868
125.93220338983052,0.9166666666666666,5.3602469939900415,5.344772370611524,-0.015474623378517016
126.9491525423729,0.9166666666666666,5.155526325059132,5.1231501129765435,-0.03237621208258812
127.9661016949153,0.9166666666666666,4.847617280958939,4.90152785534156,0.0539105743826207
128.9830508474576,0.9166666666666666,4.750393450863907,4.679999517523415,-0.07039393334049215
130.0,0.9166666666666666,4.598578893917376,4.48316754932922,-0.11541134458815616
70.0,1.0,35.24622143206202,35.23690117019852,-0.009320261863500434
71.01694915254237,1.0,34.43285717036965,34.41743758517418,-0.015419585195473928
72.03389830508475,1.0,33.58413783034165,33.60474254656371,0.02060471622205995
73.0508474576271,1.0,32.81219162574124,32.79995052828874,-0.012241097452502459
74.0677966101695,1.0,31.99286616556756,32.006404008849415,0.013537843281856254
75.08474576271186,1.0,31.21580505008653,31.217388974001523,0.0015839239149926243
76.10169491525424,1.0,30.47259543849312,30.443946718362717,-0.028648720130401983
77.11864406779662,1.0,29.63546819585672,29.673366717681006,0.037898521824285325
78.13559322033899,1.0,28.909840917024408,28.919335441684137,0.009494524659729109
79.15254237288134,1.0,28.13950914038848,28.169192624506145,0.029683484117665415
80.16949152542371,1.0,27.4947932337864,27.434404043904774,-0.06038918988162578
81.18644067796609,1.0,26.71689704316663,26.705192221175274,-0.011704821991354919
82.20338983050848,1.0,25.975921421329815,25.990820701127408,0.014899279797592868
83.22033898305085,1.0,25.30574288881311,25.282843515579977,-0.022899373233133957
84.23728813559322,1.0,24.72215356065282,24.590054012419483,-0.13209954823333803
85.2542372881356,1.0,23.9503581127942,23.903406810905956,-0.04695130188824237
86.27118644067795,1.0,23.24196635200828,23.233341367123607,-0.00862498488467267
87.28813559322033,1.0,22.64320471438715,22.567898108265865,-0.07530660612128415
88.3050847457627,1.0,21.8881419134491,21.921661061619123,0.033519148170022106
89.3220338983051,1.0,21.2922025845922,21.277067664085138,-0.015134920507062333
90.33898305084746,1.0,20.6544555627328,20.655709740959026,0.001254178226226088
91.35593220338983,1.0,20.02402395124761,20.034351817832917,0.010327866585306822
92.3728813559322,1.0,19.41226447049844,19.435886744787545,0.02362227428910657
93.38983050847456,1.0,18.83892135503612,18.840388274470406,0.001466919434285785
94.40677966101696,1.0,18.23472852320248,18.26228684349297,0.027558320290488325
95.42372881355932,1.0,17.67214746585669,17.69354040015358,0.021392934296891042
96.4406779661017,1.0,17.02642190289743,17.134702642134812,0.10828073923738302
97.45762711864408,1.0,16.51707390434099,16.593495492077693,0.0764215877367036
98.47457627118644,1.0,16.17825167655377,16.05263759396119,-0.12561408259258044
99.4915254237288,1.0,15.45922656465803,15.539634393463919,0.08040782880588893
100.5084745762712,1.0,14.99630625036234,15.026631192966631,0.03032494260429175
101.52542372881348,1.0,14.42828668036324,14.53105634736175,0.10276966699851009
102.5423728813559,1.0,14.02644967188148,14.046782596568498,0.020332924687018306
103.5593220338983,1.0,13.55101793266662,13.566615370767575,0.01559743810095604
104.57627118644072,1.0,13.120422071015588,13.111442176606444,-0.008979894409144151
105.5932203389831,1.0,12.70855256412926,12.65626898244533,-0.052283581683930436
106.6101694915254,1.0,12.2067120124786,12.21909809722221,0.012386084743608805
107.6271186440678,1.0,11.70920177653934,11.793228827660206,0.0840270511208665
108.6440677966102,1.0,11.32400260410499,11.368085825668604,0.04408322156361422
109.6610169491525,1.0,10.948179661089252,10.97154524335769,0.02336558226843799
110.67796610169492,1.0,10.61574926134927,10.575004661046727,-0.04074460030254379
111.6949152542373,1.0,10.15992988510197,10.189280702756335,0.029350817654364647
112.7118644067797,1.0,9.759448542483229,9.821907143313389,0.062458600830160194
113.728813559322,1.0,9.472578106693852,9.454533583870475,-0.018044522823377207
114.7457627118644,1.0,9.057992123523794,9.105918271043073,0.04792614751927893
115.7627118644068,1.0,8.820755561788964,8.767359375990402,-0.053396185798561646
116.77966101694912,1.0,8.586423198640537,8.428800480937758,-0.15762271770277891
117.7966101694915,1.0,8.128179679342061,8.114655586074482,-0.013524093267578863
118.8135593220339,1.0,7.881630731071694,7.804368010717033,-0.07726272035466142
119.83050847457632,1.0,7.465859334309215,7.494269487326257,0.02841015301704175
120.8474576271187,1.0,7.233903170982563,7.211522879763851,-0.022380291218712323
121.864406779661,1.0,6.905960008976507,6.928776272201469,0.02281626322496244
122.8813559322034,1.0,6.623934076070618,6.648138565125379,0.024204489054761247
123.8983050847458,1.0,6.362399972702884,6.392023957237512,0.029623984534628
124.9152542372881,1.0,6.113889794221045,6.135909349349672,0.022019555128626855
125.93220338983052,1.0,5.907071698385764,5.881807725733971,-0.0252639726517927
126.9491525423729,1.0,5.675596610163559,5.651250296512806,-0.024346313650752904
127.9661016949153,1.0,5.416763119401121,5.420692867291638,0.003929747890516921
128.9830508474576,1.0,5.147895141044817,5.190227626945739,0.0423324859009222
130.0,1.0,4.989095787199158,4.984003602303266,-0.005092184895891805
